Model,Precision score,Accuracy score,Recall score,F1 score,Confusion Matrix
SGDC,0.7512817589766975,0.5180118559051528,0.5180118559051528,0.35798771605598834,"[[   9 1057]
 [   0 1127]]"
LR,0.7506760265698597,0.5157318741450069,0.5157318741450069,0.3529553170201246,"[[   4 1062]
 [   0 1127]]"
SVC,0.2641013181060078,0.5139078887368901,0.5139078887368901,0.34890011482317784,"[[   0 1066]
 [   0 1127]]"
KNN,0.2641013181060078,0.5139078887368901,0.5139078887368901,0.34890011482317784,"[[   0 1066]
 [   0 1127]]"
NB,0.2641013181060078,0.5139078887368901,0.5139078887368901,0.34890011482317784,"[[   0 1066]
 [   0 1127]]"
DTC,0.2362855406322276,0.4860921112631099,0.4860921112631099,0.3179958211761124,"[[1066    0]
 [1127    0]]"
RF,0.2362855406322276,0.4860921112631099,0.4860921112631099,0.3179958211761124,"[[1066    0]
 [1127    0]]"
