Model,Precision score,Accuracy score,Recall score,F1 score,Confusion Matrix
LR,0.961114785418569,0.9605303731113167,0.9605303731113167,0.960556150157633,"[[1494   37]
 [  91 1621]]"
SVC,0.8698822599488389,0.8273203823620104,0.8273203823620104,0.8201318426179964,"[[ 971  560]
 [   0 1712]]"
NB,0.8363053128187183,0.7906259636139377,0.7906259636139377,0.7859278564546377,"[[1482   49]
 [ 630 1082]]"
SGDC,0.7785622098440473,0.6185630588960839,0.6185630588960839,0.5399079911042488,"[[ 294 1237]
 [   0 1712]]"
DTC,0.7662914996402507,0.5806352143077398,0.5806352143077398,0.47269512326021995,"[[ 171 1360]
 [   0 1712]]"
KNN,0.7511229211286247,0.5291396854764108,0.5291396854764108,0.36754849308425674,"[[   4 1527]
 [   0 1712]]"
RF,0.278685018963019,0.5279062596361394,0.5279062596361394,0.3647933467193019,"[[   0 1531]
 [   0 1712]]"
