Model,Precision score,Accuracy score,Recall score,F1 score,Confusion Matrix
NB,0.953515894113372,0.9466543324082639,0.9466543324082639,0.947325015818338,"[[1898  173]
 [   0 1172]]"
DTC,0.8509137475202034,0.7462226333641689,0.7462226333641689,0.7477327517607075,"[[1248  823]
 [   0 1172]]"
SGDC,0.7713607581324954,0.6438482886216467,0.6438482886216467,0.5096936692252851,"[[2071    0]
 [1155   17]]"
RF,0.7957106426898932,0.5300647548566142,0.5300647548566142,0.4858622485227816,"[[ 547 1524]
 [   0 1172]]"
LR,0.13060545786180133,0.3613937711995066,0.3613937711995066,0.191870215105695,"[[   0 2071]
 [   0 1172]]"
SVC,0.13060545786180133,0.3613937711995066,0.3613937711995066,0.191870215105695,"[[   0 2071]
 [   0 1172]]"
KNN,0.13060545786180133,0.3613937711995066,0.3613937711995066,0.191870215105695,"[[   0 2071]
 [   0 1172]]"
